{"cameraMode":{"drawMode":0,"name":"Shaded","section":"Shading Mode"},"sceneLighting":false,"audioPlay":false,"sceneViewState":{"showFog":false,"showMaterialUpdate":false,"showSkybox":false,"showFlares":false,"showImageEffects":false,"showParticleSystems":false},"in2DMode":false,"pivot":{"x":-8.336299896240235,"y":0.3799999952316284,"z":5.018799781799316},"rotation":{"x":-0.050440456718206409,"y":0.20968760550022126,"z":-0.010782137513160706,"w":-0.9764533638954163},"size":22.0,"orthographic":false}