{"cameraMode":{"drawMode":0,"name":"Shaded","section":"Shading Mode"},"sceneLighting":true,"audioPlay":false,"sceneViewState":{"showFog":false,"showMaterialUpdate":false,"showSkybox":false,"showFlares":false,"showImageEffects":false,"showParticleSystems":false},"in2DMode":false,"pivot":{"x":320.3816223144531,"y":15.867316246032715,"z":-1927.333740234375},"rotation":{"x":-0.09188363701105118,"y":0.7761596441268921,"z":-0.11635708808898926,"w":-0.6128736734390259},"size":17.475900650024415,"orthographic":false}