{"cameraMode":{"drawMode":0,"name":"Shaded","section":"Shading Mode"},"sceneLighting":false,"audioPlay":false,"sceneViewState":{"showFog":true,"showMaterialUpdate":false,"showSkybox":false,"showFlares":true,"showImageEffects":true,"showParticleSystems":true},"in2DMode":false,"pivot":{"x":0.0,"y":-0.1250000298023224,"z":-1.1920928955078126e-7},"rotation":{"x":0.01368664763867855,"y":0.9838199019432068,"z":-0.15956535935401917,"w":0.08262865990400315},"size":5.661327838897705,"orthographic":false}