{"cameraMode":{"drawMode":0,"name":"Shaded","section":"Shading Mode"},"sceneLighting":true,"audioPlay":false,"sceneViewState":{"showFog":false,"showMaterialUpdate":false,"showSkybox":false,"showFlares":false,"showImageEffects":false,"showParticleSystems":false},"in2DMode":false,"pivot":{"x":-42.78856658935547,"y":1.0133239030838013,"z":248.0168914794922},"rotation":{"x":-0.21781212091445924,"y":-0.22168703377246858,"z":0.05100058764219284,"w":-0.9491660594940186},"size":10.843360900878907,"orthographic":false}