{"cameraMode":{"drawMode":0,"name":"Shaded","section":"Shading Mode"},"sceneLighting":true,"audioPlay":false,"sceneViewState":{"showFog":false,"showMaterialUpdate":false,"showSkybox":false,"showFlares":false,"showImageEffects":false,"showParticleSystems":false},"in2DMode":false,"pivot":{"x":-26.959999084472658,"y":0.30000001192092898,"z":263.8900146484375},"rotation":{"x":-0.467309832572937,"y":-0.07402174919843674,"z":0.03945450857281685,"w":-0.8801628351211548},"size":30.008161544799806,"orthographic":false}