{"cameraMode":{"drawMode":0,"name":"Shaded","section":"Shading Mode"},"sceneLighting":true,"audioPlay":false,"sceneViewState":{"showFog":false,"showMaterialUpdate":false,"showSkybox":false,"showFlares":false,"showImageEffects":false,"showParticleSystems":false},"in2DMode":false,"pivot":{"x":18.56332778930664,"y":-9.911304473876954,"z":129.28610229492188},"rotation":{"x":-0.050440456718206409,"y":0.20968760550022126,"z":-0.010782137513160706,"w":-0.9764533638954163},"size":199.78443908691407,"orthographic":false}